{
  "seed": 0,
  "mode": "id",
  "trials_budget": 90,
  "use_neural_requested": false,
  "use_neural_available": true,
  "morphology": {
    "blocks": 22,
    "uniform_stiffness": 5.0,
    "mean_stiffness": 5.0
  },
  "weights": {
    "w_slip": 1.0,
    "w_energy": 0.1
  },
  "objects": [
    "cube",
    "cylinder",
    "box"
  ],
  "skills": [
    "pinch",
    "power",
    "hook"
  ],
  "baseline": {
    "policy": "baseline_fixed_grasp",
    "success_rate": 0.4888888888888889,
    "scores": {
      "mean": 0.43291112780570984,
      "std": 0.44264066219329834,
      "worst": 0.0,
      "p10": 0.0,
      "p50": 0.0
    },
    "robust_obj_success": 0.42857142857142855,
    "obj_success_rates": {
      "cube": 0.5357142857142857,
      "cylinder": 0.42857142857142855,
      "box": 0.5
    },
    "trials_used": 90
  },
  "skill_space": {
    "policy": "skill_space_coverage",
    "skills": [
      "pinch",
      "power",
      "hook"
    ],
    "success_rate": 0.4666666666666667,
    "scores": {
      "mean": 0.4189999997615814,
      "std": 0.4481874406337738,
      "worst": 0.0,
      "p10": 0.0,
      "p50": 0.0
    },
    "robust_skill_obj_success": 0.2222222222222222,
    "trials_used": 90,
    "per_skill": 30
  },
  "delta": {
    "success_rate": -0.0222222222222222,
    "robust_success": -0.20634920634920634,
    "mean_score": -0.013911128044128418,
    "worst_score": 0.0
  }
}