{
  "seed": 0,
  "mode": "ood",
  "trials_budget": 90,
  "use_neural_requested": false,
  "use_neural_available": true,
  "morphology": {
    "blocks": 22,
    "uniform_stiffness": 5.0,
    "mean_stiffness": 5.0
  },
  "weights": {
    "w_slip": 1.0,
    "w_energy": 0.1
  },
  "objects": [
    "cube",
    "cylinder",
    "box"
  ],
  "skills": [
    "pinch",
    "power",
    "hook"
  ],
  "baseline": {
    "policy": "baseline_fixed_grasp",
    "success_rate": 0.35555555555555557,
    "scores": {
      "mean": 0.2792888581752777,
      "std": 0.376004159450531,
      "worst": 0.0,
      "p10": 0.0,
      "p50": 0.0
    },
    "robust_obj_success": 0.25,
    "obj_success_rates": {
      "cube": 0.39285714285714285,
      "cylinder": 0.25,
      "box": 0.4117647058823529
    },
    "trials_used": 90
  },
  "skill_space": {
    "policy": "skill_space_coverage",
    "skills": [
      "pinch",
      "power",
      "hook"
    ],
    "success_rate": 0.3333333333333333,
    "scores": {
      "mean": 0.2649777829647064,
      "std": 0.37494805455207825,
      "worst": 0.0,
      "p10": 0.0,
      "p50": 0.0
    },
    "robust_skill_obj_success": 0.2222222222222222,
    "trials_used": 90,
    "per_skill": 30
  },
  "delta": {
    "success_rate": -0.022222222222222254,
    "robust_success": -0.02777777777777779,
    "mean_score": -0.014311075210571289,
    "worst_score": 0.0
  }
}